Tour;Date (heure de Paris);Match fictif;Match reel NBA emprunte;Equipe;Joueur
Quart de finale;20/09/2026 19h;Celtics vs Knicks;08/12/2025 - BOS 123-117 NYK;Boston Celtics;Jaylen Brown
Quart de finale;20/09/2026 19h;Celtics vs Knicks;08/12/2025 - BOS 123-117 NYK;Boston Celtics;Derrick White
Quart de finale;20/09/2026 19h;Celtics vs Knicks;08/12/2025 - BOS 123-117 NYK;Boston Celtics;Anfernee Simons
Quart de finale;20/09/2026 19h;Celtics vs Knicks;08/12/2025 - BOS 123-117 NYK;Boston Celtics;Josh Minott
Quart de finale;20/09/2026 19h;Celtics vs Knicks;08/12/2025 - BOS 123-117 NYK;Boston Celtics;Payton Pritchard
Quart de finale;20/09/2026 19h;Celtics vs Knicks;08/12/2025 - BOS 123-117 NYK;Boston Celtics;Neemias Queta
Quart de finale;20/09/2026 19h;Celtics vs Knicks;08/12/2025 - BOS 123-117 NYK;Boston Celtics;Jordan Walsh
Quart de finale;20/09/2026 19h;Celtics vs Knicks;08/12/2025 - BOS 123-117 NYK;Boston Celtics;Sam Hauser
Quart de finale;20/09/2026 19h;Celtics vs Knicks;08/12/2025 - BOS 123-117 NYK;Boston Celtics;Hugo Gonzalez
Quart de finale;20/09/2026 19h;Celtics vs Knicks;08/12/2025 - BOS 123-117 NYK;Boston Celtics;Baylor Scheierman
Quart de finale;20/09/2026 19h;Celtics vs Knicks;08/12/2025 - BOS 123-117 NYK;Boston Celtics;Amari Williams
Quart de finale;20/09/2026 19h;Celtics vs Knicks;08/12/2025 - BOS 123-117 NYK;New York Knicks;Mikal Bridges
Quart de finale;20/09/2026 19h;Celtics vs Knicks;08/12/2025 - BOS 123-117 NYK;New York Knicks;Karl-Anthony Towns
Quart de finale;20/09/2026 19h;Celtics vs Knicks;08/12/2025 - BOS 123-117 NYK;New York Knicks;Josh Hart
Quart de finale;20/09/2026 19h;Celtics vs Knicks;08/12/2025 - BOS 123-117 NYK;New York Knicks;Jalen Brunson
Quart de finale;20/09/2026 19h;Celtics vs Knicks;08/12/2025 - BOS 123-117 NYK;New York Knicks;Miles McBride
Quart de finale;20/09/2026 19h;Celtics vs Knicks;08/12/2025 - BOS 123-117 NYK;New York Knicks;Jordan Clarkson
Quart de finale;20/09/2026 19h;Celtics vs Knicks;08/12/2025 - BOS 123-117 NYK;New York Knicks;Tyler Kolek
Quart de finale;20/09/2026 19h;Celtics vs Knicks;08/12/2025 - BOS 123-117 NYK;New York Knicks;Guerschon Yabusele
Quart de finale;20/09/2026 19h;Celtics vs Knicks;08/12/2025 - BOS 123-117 NYK;New York Knicks;Mitchell Robinson
Quart de finale;20/09/2026 19h;Celtics vs Knicks;08/12/2025 - BOS 123-117 NYK;New York Knicks;Mohamed Diawara
Quart de finale;20/09/2026 21h;Lakers vs Warriors;06/02/2025 - LAL 120-112 GSW;Los Angeles Lakers;LeBron James
Quart de finale;20/09/2026 21h;Lakers vs Warriors;06/02/2025 - LAL 120-112 GSW;Los Angeles Lakers;Austin Reaves
Quart de finale;20/09/2026 21h;Lakers vs Warriors;06/02/2025 - LAL 120-112 GSW;Los Angeles Lakers;Gabe Vincent
Quart de finale;20/09/2026 21h;Lakers vs Warriors;06/02/2025 - LAL 120-112 GSW;Los Angeles Lakers;Rui Hachimura
Quart de finale;20/09/2026 21h;Lakers vs Warriors;06/02/2025 - LAL 120-112 GSW;Los Angeles Lakers;Jaxson Hayes
Quart de finale;20/09/2026 21h;Lakers vs Warriors;06/02/2025 - LAL 120-112 GSW;Los Angeles Lakers;Dorian Finney-Smith
Quart de finale;20/09/2026 21h;Lakers vs Warriors;06/02/2025 - LAL 120-112 GSW;Los Angeles Lakers;Jarred Vanderbilt
Quart de finale;20/09/2026 21h;Lakers vs Warriors;06/02/2025 - LAL 120-112 GSW;Los Angeles Lakers;Christian Koloko
Quart de finale;20/09/2026 21h;Lakers vs Warriors;06/02/2025 - LAL 120-112 GSW;Los Angeles Lakers;Shake Milton
Quart de finale;20/09/2026 21h;Lakers vs Warriors;06/02/2025 - LAL 120-112 GSW;Golden State Warriors;Stephen Curry
Quart de finale;20/09/2026 21h;Lakers vs Warriors;06/02/2025 - LAL 120-112 GSW;Golden State Warriors;Buddy Hield
Quart de finale;20/09/2026 21h;Lakers vs Warriors;06/02/2025 - LAL 120-112 GSW;Golden State Warriors;Moses Moody
Quart de finale;20/09/2026 21h;Lakers vs Warriors;06/02/2025 - LAL 120-112 GSW;Golden State Warriors;Draymond Green
Quart de finale;20/09/2026 21h;Lakers vs Warriors;06/02/2025 - LAL 120-112 GSW;Golden State Warriors;Pat Spencer
Quart de finale;20/09/2026 21h;Lakers vs Warriors;06/02/2025 - LAL 120-112 GSW;Golden State Warriors;Brandin Podziemski
Quart de finale;20/09/2026 21h;Lakers vs Warriors;06/02/2025 - LAL 120-112 GSW;Golden State Warriors;Quinten Post
Quart de finale;20/09/2026 21h;Lakers vs Warriors;06/02/2025 - LAL 120-112 GSW;Golden State Warriors;Kevon Looney
Quart de finale;20/09/2026 21h;Lakers vs Warriors;06/02/2025 - LAL 120-112 GSW;Golden State Warriors;Gary Payton II
Quart de finale;20/09/2026 21h;Lakers vs Warriors;06/02/2025 - LAL 120-112 GSW;Golden State Warriors;Trayce Jackson-Davis
Quart de finale;20/09/2026 21h;Lakers vs Warriors;06/02/2025 - LAL 120-112 GSW;Golden State Warriors;Jackson Rowe
Quart de finale;21/09/2026 19h;Nuggets vs Thunder;10/03/2025 - OKC 127-140 DEN;Denver Nuggets;Nikola Jokic
Quart de finale;21/09/2026 19h;Nuggets vs Thunder;10/03/2025 - OKC 127-140 DEN;Denver Nuggets;Jamal Murray
Quart de finale;21/09/2026 19h;Nuggets vs Thunder;10/03/2025 - OKC 127-140 DEN;Denver Nuggets;Michael Porter Jr.
Quart de finale;21/09/2026 19h;Nuggets vs Thunder;10/03/2025 - OKC 127-140 DEN;Denver Nuggets;Russell Westbrook
Quart de finale;21/09/2026 19h;Nuggets vs Thunder;10/03/2025 - OKC 127-140 DEN;Denver Nuggets;Peyton Watson
Quart de finale;21/09/2026 19h;Nuggets vs Thunder;10/03/2025 - OKC 127-140 DEN;Denver Nuggets;Christian Braun
Quart de finale;21/09/2026 19h;Nuggets vs Thunder;10/03/2025 - OKC 127-140 DEN;Denver Nuggets;Jalen Pickett
Quart de finale;21/09/2026 19h;Nuggets vs Thunder;10/03/2025 - OKC 127-140 DEN;Denver Nuggets;Zeke Nnaji
Quart de finale;21/09/2026 19h;Nuggets vs Thunder;10/03/2025 - OKC 127-140 DEN;Oklahoma City Thunder;Luguentz Dort
Quart de finale;21/09/2026 19h;Nuggets vs Thunder;10/03/2025 - OKC 127-140 DEN;Oklahoma City Thunder;Shai Gilgeous-Alexander
Quart de finale;21/09/2026 19h;Nuggets vs Thunder;10/03/2025 - OKC 127-140 DEN;Oklahoma City Thunder;Isaiah Hartenstein
Quart de finale;21/09/2026 19h;Nuggets vs Thunder;10/03/2025 - OKC 127-140 DEN;Oklahoma City Thunder;Alex Caruso
Quart de finale;21/09/2026 19h;Nuggets vs Thunder;10/03/2025 - OKC 127-140 DEN;Oklahoma City Thunder;Jalen Williams
Quart de finale;21/09/2026 19h;Nuggets vs Thunder;10/03/2025 - OKC 127-140 DEN;Oklahoma City Thunder;Cason Wallace
Quart de finale;21/09/2026 19h;Nuggets vs Thunder;10/03/2025 - OKC 127-140 DEN;Oklahoma City Thunder;Aaron Wiggins
Quart de finale;21/09/2026 19h;Nuggets vs Thunder;10/03/2025 - OKC 127-140 DEN;Oklahoma City Thunder;Chet Holmgren
Quart de finale;21/09/2026 19h;Nuggets vs Thunder;10/03/2025 - OKC 127-140 DEN;Oklahoma City Thunder;Isaiah Joe
Quart de finale;21/09/2026 19h;Nuggets vs Thunder;10/03/2025 - OKC 127-140 DEN;Oklahoma City Thunder;Jaylin Williams
Quart de finale;21/09/2026 19h;Nuggets vs Thunder;10/03/2025 - OKC 127-140 DEN;Oklahoma City Thunder;Ousmane Dieng
Quart de finale;21/09/2026 19h;Nuggets vs Thunder;10/03/2025 - OKC 127-140 DEN;Oklahoma City Thunder;Dillon Jones
Quart de finale;21/09/2026 21h;Bucks vs 76ers;19/01/2025 - MIL 117-109 PHI;Milwaukee Bucks;Giannis Antetokounmpo
Quart de finale;21/09/2026 21h;Bucks vs 76ers;19/01/2025 - MIL 117-109 PHI;Milwaukee Bucks;Damian Lillard
Quart de finale;21/09/2026 21h;Bucks vs 76ers;19/01/2025 - MIL 117-109 PHI;Milwaukee Bucks;Khris Middleton
Quart de finale;21/09/2026 21h;Bucks vs 76ers;19/01/2025 - MIL 117-109 PHI;Milwaukee Bucks;Brook Lopez
Quart de finale;21/09/2026 21h;Bucks vs 76ers;19/01/2025 - MIL 117-109 PHI;Milwaukee Bucks;Taurean Prince
Quart de finale;21/09/2026 21h;Bucks vs 76ers;19/01/2025 - MIL 117-109 PHI;Milwaukee Bucks;Andre Jackson Jr.
Quart de finale;21/09/2026 21h;Bucks vs 76ers;19/01/2025 - MIL 117-109 PHI;Milwaukee Bucks;Ryan Rollins
Quart de finale;21/09/2026 21h;Bucks vs 76ers;19/01/2025 - MIL 117-109 PHI;Milwaukee Bucks;Gary Trent Jr.
Quart de finale;21/09/2026 21h;Bucks vs 76ers;19/01/2025 - MIL 117-109 PHI;Milwaukee Bucks;Stanley Umude
Quart de finale;21/09/2026 21h;Bucks vs 76ers;19/01/2025 - MIL 117-109 PHI;Milwaukee Bucks;Chris Livingston
Quart de finale;21/09/2026 21h;Bucks vs 76ers;19/01/2025 - MIL 117-109 PHI;Philadelphia 76ers;Tyrese Maxey
Quart de finale;21/09/2026 21h;Bucks vs 76ers;19/01/2025 - MIL 117-109 PHI;Philadelphia 76ers;Kelly Oubre Jr.
Quart de finale;21/09/2026 21h;Bucks vs 76ers;19/01/2025 - MIL 117-109 PHI;Philadelphia 76ers;Ricky Council IV
Quart de finale;21/09/2026 21h;Bucks vs 76ers;19/01/2025 - MIL 117-109 PHI;Philadelphia 76ers;Eric Gordon
Quart de finale;21/09/2026 21h;Bucks vs 76ers;19/01/2025 - MIL 117-109 PHI;Philadelphia 76ers;Adem Bona
Quart de finale;21/09/2026 21h;Bucks vs 76ers;19/01/2025 - MIL 117-109 PHI;Philadelphia 76ers;Pete Nance
Quart de finale;21/09/2026 21h;Bucks vs 76ers;19/01/2025 - MIL 117-109 PHI;Philadelphia 76ers;Justin Edwards
Quart de finale;21/09/2026 21h;Bucks vs 76ers;19/01/2025 - MIL 117-109 PHI;Philadelphia 76ers;Jeff Dowtin Jr.
Demi-finale;22/09/2026 19h;Celtics vs Lakers;08/03/2025 - BOS 111-101 LAL;Boston Celtics;Jayson Tatum
Demi-finale;22/09/2026 19h;Celtics vs Lakers;08/03/2025 - BOS 111-101 LAL;Boston Celtics;Jaylen Brown
Demi-finale;22/09/2026 19h;Celtics vs Lakers;08/03/2025 - BOS 111-101 LAL;Boston Celtics;Al Horford
Demi-finale;22/09/2026 19h;Celtics vs Lakers;08/03/2025 - BOS 111-101 LAL;Boston Celtics;Derrick White
Demi-finale;22/09/2026 19h;Celtics vs Lakers;08/03/2025 - BOS 111-101 LAL;Boston Celtics;Jrue Holiday
Demi-finale;22/09/2026 19h;Celtics vs Lakers;08/03/2025 - BOS 111-101 LAL;Boston Celtics;Luke Kornet
Demi-finale;22/09/2026 19h;Celtics vs Lakers;08/03/2025 - BOS 111-101 LAL;Boston Celtics;Payton Pritchard
Demi-finale;22/09/2026 19h;Celtics vs Lakers;08/03/2025 - BOS 111-101 LAL;Boston Celtics;Sam Hauser
Demi-finale;22/09/2026 19h;Celtics vs Lakers;08/03/2025 - BOS 111-101 LAL;Los Angeles Lakers;Luka Doncic
Demi-finale;22/09/2026 19h;Celtics vs Lakers;08/03/2025 - BOS 111-101 LAL;Los Angeles Lakers;LeBron James
Demi-finale;22/09/2026 19h;Celtics vs Lakers;08/03/2025 - BOS 111-101 LAL;Los Angeles Lakers;Austin Reaves
Demi-finale;22/09/2026 19h;Celtics vs Lakers;08/03/2025 - BOS 111-101 LAL;Los Angeles Lakers;Dalton Knecht
Demi-finale;22/09/2026 19h;Celtics vs Lakers;08/03/2025 - BOS 111-101 LAL;Los Angeles Lakers;Dorian Finney-Smith
Demi-finale;22/09/2026 19h;Celtics vs Lakers;08/03/2025 - BOS 111-101 LAL;Los Angeles Lakers;Jordan Goodwin
Demi-finale;22/09/2026 19h;Celtics vs Lakers;08/03/2025 - BOS 111-101 LAL;Los Angeles Lakers;Jarred Vanderbilt
Demi-finale;22/09/2026 19h;Celtics vs Lakers;08/03/2025 - BOS 111-101 LAL;Los Angeles Lakers;Gabe Vincent
Demi-finale;22/09/2026 19h;Celtics vs Lakers;08/03/2025 - BOS 111-101 LAL;Los Angeles Lakers;Trey Jemison III
Demi-finale;22/09/2026 21h;Nuggets vs Bucks;26/03/2025 - DEN 127-117 MIL;Denver Nuggets;Nikola Jokic
Demi-finale;22/09/2026 21h;Nuggets vs Bucks;26/03/2025 - DEN 127-117 MIL;Denver Nuggets;Michael Porter Jr.
Demi-finale;22/09/2026 21h;Nuggets vs Bucks;26/03/2025 - DEN 127-117 MIL;Denver Nuggets;Christian Braun
Demi-finale;22/09/2026 21h;Nuggets vs Bucks;26/03/2025 - DEN 127-117 MIL;Denver Nuggets;Jamal Murray
Demi-finale;22/09/2026 21h;Nuggets vs Bucks;26/03/2025 - DEN 127-117 MIL;Denver Nuggets;Peyton Watson
Demi-finale;22/09/2026 21h;Nuggets vs Bucks;26/03/2025 - DEN 127-117 MIL;Denver Nuggets;Aaron Gordon
Demi-finale;22/09/2026 21h;Nuggets vs Bucks;26/03/2025 - DEN 127-117 MIL;Denver Nuggets;Russell Westbrook
Demi-finale;22/09/2026 21h;Nuggets vs Bucks;26/03/2025 - DEN 127-117 MIL;Denver Nuggets;Jalen Pickett
Demi-finale;22/09/2026 21h;Nuggets vs Bucks;26/03/2025 - DEN 127-117 MIL;Denver Nuggets;DeAndre Jordan
Demi-finale;22/09/2026 21h;Nuggets vs Bucks;26/03/2025 - DEN 127-117 MIL;Denver Nuggets;Spencer Jones
Demi-finale;22/09/2026 21h;Nuggets vs Bucks;26/03/2025 - DEN 127-117 MIL;Milwaukee Bucks;Brook Lopez
Demi-finale;22/09/2026 21h;Nuggets vs Bucks;26/03/2025 - DEN 127-117 MIL;Milwaukee Bucks;Ryan Rollins
Demi-finale;22/09/2026 21h;Nuggets vs Bucks;26/03/2025 - DEN 127-117 MIL;Milwaukee Bucks;Gary Trent Jr.
Demi-finale;22/09/2026 21h;Nuggets vs Bucks;26/03/2025 - DEN 127-117 MIL;Milwaukee Bucks;Taurean Prince
Demi-finale;22/09/2026 21h;Nuggets vs Bucks;26/03/2025 - DEN 127-117 MIL;Milwaukee Bucks;AJ Green
Demi-finale;22/09/2026 21h;Nuggets vs Bucks;26/03/2025 - DEN 127-117 MIL;Milwaukee Bucks;Kevin Porter Jr.
Demi-finale;22/09/2026 21h;Nuggets vs Bucks;26/03/2025 - DEN 127-117 MIL;Milwaukee Bucks;Kyle Kuzma
Demi-finale;22/09/2026 21h;Nuggets vs Bucks;26/03/2025 - DEN 127-117 MIL;Milwaukee Bucks;Pat Connaughton
Finale (a confirmer);23/09/2026 20h;Celtics vs Nuggets;02/03/2025 - BOS 110-103 DEN;Boston Celtics;Jaylen Brown
Finale (a confirmer);23/09/2026 20h;Celtics vs Nuggets;02/03/2025 - BOS 110-103 DEN;Boston Celtics;Al Horford
Finale (a confirmer);23/09/2026 20h;Celtics vs Nuggets;02/03/2025 - BOS 110-103 DEN;Boston Celtics;Derrick White
Finale (a confirmer);23/09/2026 20h;Celtics vs Nuggets;02/03/2025 - BOS 110-103 DEN;Boston Celtics;Jayson Tatum
Finale (a confirmer);23/09/2026 20h;Celtics vs Nuggets;02/03/2025 - BOS 110-103 DEN;Boston Celtics;Payton Pritchard
Finale (a confirmer);23/09/2026 20h;Celtics vs Nuggets;02/03/2025 - BOS 110-103 DEN;Boston Celtics;Luke Kornet
Finale (a confirmer);23/09/2026 20h;Celtics vs Nuggets;02/03/2025 - BOS 110-103 DEN;Boston Celtics;Neemias Queta
Finale (a confirmer);23/09/2026 20h;Celtics vs Nuggets;02/03/2025 - BOS 110-103 DEN;Boston Celtics;Sam Hauser
Finale (a confirmer);23/09/2026 20h;Celtics vs Nuggets;02/03/2025 - BOS 110-103 DEN;Boston Celtics;Torrey Craig
Finale (a confirmer);23/09/2026 20h;Celtics vs Nuggets;02/03/2025 - BOS 110-103 DEN;Denver Nuggets;Jamal Murray
Finale (a confirmer);23/09/2026 20h;Celtics vs Nuggets;02/03/2025 - BOS 110-103 DEN;Denver Nuggets;Christian Braun
Finale (a confirmer);23/09/2026 20h;Celtics vs Nuggets;02/03/2025 - BOS 110-103 DEN;Denver Nuggets;Nikola Jokic
Finale (a confirmer);23/09/2026 20h;Celtics vs Nuggets;02/03/2025 - BOS 110-103 DEN;Denver Nuggets;Russell Westbrook
Finale (a confirmer);23/09/2026 20h;Celtics vs Nuggets;02/03/2025 - BOS 110-103 DEN;Denver Nuggets;Michael Porter Jr.
Finale (a confirmer);23/09/2026 20h;Celtics vs Nuggets;02/03/2025 - BOS 110-103 DEN;Denver Nuggets;Julian Strawther
Finale (a confirmer);23/09/2026 20h;Celtics vs Nuggets;02/03/2025 - BOS 110-103 DEN;Denver Nuggets;Jalen Pickett
Finale (a confirmer);23/09/2026 20h;Celtics vs Nuggets;02/03/2025 - BOS 110-103 DEN;Denver Nuggets;Zeke Nnaji
Finale (a confirmer);23/09/2026 20h;Celtics vs Nuggets;02/03/2025 - BOS 110-103 DEN;Denver Nuggets;DeAndre Jordan
